560-872.Heinze-Heinse,560 Heinze
560-708.Meinung-Meinary,560 Meinung
560-1968.flesh-flesh,560 flesh
560-632.Dragnet-Draynet,560 Dragnet
560-342.ridge-ridge,560 ridge
560-94.Harriet-Harriet,560 Harriet
560-1341.Swahili-Swanili,560 Swahili
560-324.bats-bats,560 bats
560-1022.sulked-sulked,560 sulked
560-1819.excess-excess,560 excess
560-1695.driftin-driflin,560 driftin
560-917.Blum-Blum,560 Blum
560-332.diamond-deamond,560 diamond
560-451.touched-touched,560 touched
560-131.she-she,560 she
560-1298.Nan-Nan,560 Nan
560-66.sulfide-sulfide,560 sulfide
560-665.Raoul-Raoul,560 Raoul
560-125.marries-narries,560 marries
560-467.attains-attains,560 attains
560-167.ruining-riintrg,560 ruining
560-1491.sassing-sasuing,560 sassing
560-1410.success-success,560 success
560-1576.Nevada-Nerada,560 Nevada
560-545.Dickey-Dickey,560 Dickey
560-859.Wild-Wild,560 Wild
560-1273.Riviera-Rivera,560 Riviera
560-565.cooing-cooing,560 cooing
560-790.groves-groves,560 groves
560-1135.gaping-gaping,560 gaping
560-1507.Tessie-Tessie,560 Tessie
560-491.line-line,560 line
560-1769.refined-refined,560 refined
560-1076.morsel-morsel,560 morsel
560-791.Sear-Sear,560 Sear
560-1196.lark-lark,560 lark
560-1367.ledges-ledges,560 ledges
560-1480.Marmee-Marnee,560 Marmee
560-741.uppon-uppon,560 uppon
560-976.Popes-Ropes,560 Popes
560-1606.drew-drew,560 drew
560-1212.Coulomb-Coulomb,560 Coulomb
560-1370.wants-wants,560 wants
560-1057.blocks-blocks,560 blocks
560-629.lackeys-lackeys,560 lackeys
560-562.Supper-Supper,560 Supper
560-1543.emptier-enptier,560 emptier
560-1703.faculty-focally,560 faculty
560-534.Glance-Glance,560 Glance
560-554.Had-Had,560 Had
560-1144.tactics-tacties,560 tactics
560-1476.Adlai-Adlai,560 Adlai
560-590.again-again,560 again
560-130.plowed-plowed,560 plowed
560-1271.frog-froy,560 frog
560-218.closely-closely,560 closely
560-715.wily-wily,560 wily
560-599.Vinson-Vinson,560 Vinson
560-380.Motel-Motel,560 Motel
560-1319.ranches-ranches,560 ranches
560-1777.Parmer-Parmer,560 Parmer
560-1894.claps-claps,560 claps
560-44.Foote-Foote,560 Foote
560-870.whetted-wherted,560 whetted
560-1308.Fran-Fran,560 Fran
560-220.pumping-pumping,560 pumping
560-156.boys-boys,560 boys
560-1673.wanting-wantirg,560 wanting
560-726.Meurons-Merrons,560 Meurons
560-1610.flier-flier,560 flier
560-1616.Suppose-Supoose,560 Suppose
560-1752.limbs-limbs,560 limbs
560-937.romp-roup,560 romp
560-1455.Buxton-Buuton,560 Buxton
560-1324.rope-rope,560 rope
560-151.calorie-calorie,560 calorie
560-1936.swampy-swenpy,560 swampy
560-1809.embassy-enbasy,560 embassy
560-15.sloe-sloe,560 sloe
560-1304.squeak-souack,560 squeak
560-960.consul-consul,560 consul
560-157.Lucius-Lucins,560 Lucius
560-1.boating-boating,560 boating
560-193.freer-freer,560 freer
560-522.befall-befall,560 befall
560-1669.wreak-wreak,560 wreak
560-1510.Plath-Plath,560 Plath
560-1781.slat-slat,560 slat
560-1523.rearing-rearing,560 rearing
560-1416.Bishop-Bishop,560 Bishop
560-1122.Jenny-Jenny,560 Jenny
560-1056.Scholar-Scholar,560 Scholar
560-862.Anselmo-Auselro,560 Anselmo
560-349.Romeo-Romea,560 Romeo
560-848.Bully-Bully,560 Bully
560-1245.sharers-sharers,560 sharers
560-925.female-ferale,560 female
560-804.insane-insane,560 insane
560-1155.Ardmore-Ardmore,560 Ardmore
560-141.helluva-hellwar,560 helluva
560-1612.infirm-intirm,560 infirm
560-475.molded-molded,560 molded
560-1598.Hanging-Hangirs,560 Hanging
560-580.Israeli-Istaeli,560 Israeli
560-60.Finnish-Fimasth,560 Finnish
560-1493.Sokolev-Sokoler,560 Sokolev
560-97.liners-liners,560 liners
560-402.natty-natty,560 natty
560-1016.vendors-vendors,560 vendors
560-1444.Fain-Fain,560 Fain
560-213.kale-lale,560 kale
560-459.coupon-coupon,560 coupon
560-873.Cover-Cover,560 Cover
560-1739.Scenic-Scenic,560 Scenic
560-19.magical-magical,560 magical
560-186.clogged-cloyged,560 clogged
560-541.entrust-entrust,560 entrust
560-1309.Metro-Metro,560 Metro
560-1306.muscles-muscles,560 muscles
560-1434.Alley-Alley,560 Alley
560-1818.cubed-culed,560 cubed
560-110.manhood-perlood,560 manhood
560-650.Oslo-Oslo,560 Oslo
560-783.Belated-Belated,560 Belated
560-655.precede-precede,560 precede
560-1742.suite-suite,560 suite
560-87.Stops-Stopes,560 Stops
560-813.Bonham-Borkan,560 Bonham
560-1566.spacing-spacing,560 spacing
560-553.helps-helps,560 helps
560-1450.attacks-attacks,560 attacks
560-1857.Trends-Trends,560 Trends
560-1263.Richard-Pichard,560 Richard
560-1223.zoo-poo,560 zoo
560-1607.gloss-glose,560 gloss
560-697.Comroe-Comroe,560 Comroe
560-1855.Coopers-Coopers,560 Coopers
560-229.Sell-Sell,560 Sell
560-802.florist-florist,560 florist
560-425.brad-brad,560 brad
560-1107.edging-edging,560 edging
560-1424.keen-keen,560 keen
560-1119.Staley-Staley,560 Staley
560-1423.RAF-Rof,560 RAF
560-1531.haunted-hamited,560 haunted
560-434.ankles-antles,560 ankles
560-709.cook-coot,560 cook
560-390.Millie-rillie,560 Millie
560-1659.musing-musing,560 musing
560-154.Mendoza-Menooa,560 Mendoza
560-623.Cesare-Cesare,560 Cesare
560-1801.Bullet-Bullet,560 Bullet
560-690.Colman-Colman,560 Colman
560-1843.LaGow-Labow,560 LaGow
560-1246.praises-praises,560 praises
560-82.pleads-pleads,560 pleads
560-537.slob-slob,560 slob
560-750.wick-wict,560 wick
560-502.Where-Where,560 Where
560-153.TR-Ti,560 TR
560-58.Thynne-Toyane,560 Thynne
560-310.threes-threes,560 threes
560-403.Fortier-Fortier,560 Fortier
560-28.Follows-Follows,560 Follows
560-1975.tapered-tapered,560 tapered
560-1062.giddy-giddy,560 giddy
560-618.sword-sword,560 sword
560-686.Hancock-Hanook,560 Hancock
560-57.pricks-pricks,560 pricks
560-453.Upon-Vpon,560 Upon
560-404.elder-elder,560 elder
560-589.FDA-Fls,560 FDA
560-1011.Ellis-Ellis,560 Ellis
560-1104.hawks-hauks,560 hawks
560-1484.Joneses-Joneses,560 Joneses
560-1690.Xavier-bawier,560 Xavier
560-831.barges-barges,560 barges
560-1329.housed-housed,560 housed
560-607.bemoan-bemoan,560 bemoan
560-776.Bari-Bari,560 Bari
560-1204.simile-sinile,560 simile
560-1940.beers-beers,560 beers
560-561.rallies-raliess,560 rallies
560-1540.tapping-tapping,560 tapping
560-904.Galahad-Gelakad,560 Galahad
560-1182.Vida-Vida,560 Vida
560-504.raged-raged,560 raged
560-1804.eject-eyect,560 eject
560-1783.Nevah-Nerak,560 Nevah
560-879.brain-brain,560 brain
560-233.Leonato-Leonato,560 Leonato
560-1156.Room-Room,560 Room
560-1588.cud-and,560 cud
560-128.Caroli-Caroli,560 Caroli
560-1782.befits-befits,560 befits
560-1797.bullet-bullet,560 bullet
560-1436.assign-assinn,560 assign
560-524.Rosella-Rosella,560 Rosella
560-1638.Rilly-Rilly,560 Rilly
560-728.garter-garter,560 garter
560-1684.Zenith-Ceaith,560 Zenith
560-164.Hoxa-Hore,560 Hoxa
560-1891.seventh-seventh,560 seventh
560-1784.dried-dried,560 dried
560-230.Rudyard-Rudyarl,560 Rudyard
560-1146.Banks-Banks,560 Banks
560-447.Turner-Turner,560 Turner
560-1071.stirrin-stirrin,560 stirrin
560-1925.Milties-Muliess,560 Milties
560-1335.Behold-Benold,560 Behold
560-1575.fury-fury,560 fury
560-1124.Plans-Plans,560 Plans
560-1327.noticed-noticed,560 noticed
560-555.Curling-Carling,560 Curling
560-433.Grace-brace,560 Grace
560-1934.Norway-Noraay,560 Norway
560-205.Tai-Tai,560 Tai
560-695.General-General,560 General
560-1041.faery-faeey,560 faery
560-528.Escape-Escape,560 Escape
560-371.invade-inwade,560 invade
560-1640.comply-couply,560 comply
560-1093.gather-gather,560 gather
560-1845.Savings-Savings,560 Savings
560-1828.tipping-tipenng,560 tipping
560-488.feather-feather,560 feather
560-458.spy-spy,560 spy
560-1926.Hicks-ticks,560 Hicks
560-1670.Len-Len,560 Len
560-637.Bodily-Bodily,560 Bodily
560-1421.Newport-Verport,560 Newport
560-691.Campus-Campus,560 Campus
560-557.Formosa-Forosal,560 Formosa
560-858.palsy-palsy,560 palsy
560-989.manure-mauure,560 manure
560-946.discard-discard,560 discard
560-477.ration-ration,560 ration
560-1969.showmen-showeet,560 showmen
560-281.grader-grader,560 grader
560-979.zest-cest,560 zest
560-1542.happily-happily,560 happily
560-1430.bakery-bakery,560 bakery
560-1096.Lifting-Lifting,560 Lifting
560-373.Kubek-Kubek,560 Kubek
560-1121.Horn-Horn,560 Horn
560-225.Shaw-Shaw,560 Shaw
560-1721.hence-hence,560 hence
560-444.Spada-Spaada,560 Spada
560-1562.bolting-bolting,560 bolting
560-915.ayes-ayes,560 ayes
560-62.Dogtown-Dogtown,560 Dogtown
560-901.anger-anger,560 anger
560-1639.Bayou-Bayon,560 Bayou
560-1214.repose-repose,560 repose
560-275.Fairfax-Fairfat,560 Fairfax
560-1904.Sturley-Starley,560 Sturley
560-825.system-system,560 system
560-1532.outputs-ouleuts,560 outputs
560-1059.Tell-Tell,560 Tell
560-1068.manor-manor,560 manor
560-1478.Exports-Euports,560 Exports
560-1376.pink-pink,560 pink
560-104.Author-futhor,560 Author
560-503.sods-sods,560 sods
560-1861.sanest-sanest,560 sanest
560-932.jab-jab,560 jab
560-339.frieze-friepe,560 frieze
560-702.pull-pull,560 pull
560-1654.Meeting-Meeting,560 Meeting
560-278.Bizarre-Bilarre,560 Bizarre
560-1381.finial-finial,560 finial
560-102.cruise-cruise,560 cruise
560-1708.Tougher-Tougher,560 Tougher
560-1500.jetting-jetting,560 jetting
560-182.UN-Wo,560 UN
560-209.vocals-vocals,560 vocals
560-1351.chop-chop,560 chop
560-1383.Honey-toney,560 Honey
560-1060.should-should,560 should
560-286.souls-souls,560 souls
560-169.Fortman-Fortean,560 Fortman
560-1395.shadowy-shadony,560 shadowy
560-663.Venice-Venice,560 Venice
560-41.Gladdy-Gladey,560 Gladdy
560-1125.sonny-sonny,560 sonny
560-1930.clothe-clothe,560 clothe
560-794.Barrow-Barrow,560 Barrow
560-47.vassal-vassal,560 vassal
560-326.Balloon-Balloon,560 Balloon
560-1470.Twice-Thice,560 Twice
560-948.bands-bands,560 bands
560-1889.Gagarin-Gegarin,560 Gagarin
560-1287.Rawlins-Raulins,560 Rawlins
560-80.Rule-Rule,560 Rule
560-972.vaquero-vagero,560 vaquero
560-540.Malamud-telamsd,560 Malamud
560-1982.Fudo-Fudo,560 Fudo
560-1042.endowed-endowed,560 endowed
560-1873.salve-salve,560 salve
560-474.OH-of,560 OH
560-381.havens-havens,560 havens
560-1288.Munger-Munger,560 Munger
560-1571.sounds-sounds,560 sounds
560-839.florid-florid,560 florid
560-292.cat-cat,560 cat
560-1187.Cramer-Cramer,560 Cramer
560-1343.wring-wring,560 wring
560-844.lats-lats,560 lats
560-1882.Seeley-Seeley,560 Seeley
560-1495.meal-meal,560 meal
560-274.amatory-anetory,560 amatory
560-1731.Sextet-Sertet,560 Sextet
560-718.eies-eies,560 eies
560-1036.delude-deluce,560 delude
560-1405.Felons-Felons,560 Felons
560-1847.graded-gradec,560 graded
560-197.unborn-unborn,560 unborn
560-32.Knights-Meights,560 Knights
560-928.Appleby-Aopledy,560 Appleby
560-338.tidings-tldings,560 tidings
560-360.checkup-chectup,560 checkup
560-1251.apple-apple,560 apple
560-1927.piety-piety,560 piety
560-215.Till-Till,560 Till
560-411.obeying-obeying,560 obeying
560-1978.profess-profess,560 profess
560-301.McNair-Mckair,560 McNair
560-628.Noting-Noling,560 Noting
560-10.toxin-torin,560 toxin
560-919.varmint-varmint,560 varmint
560-530.sex-sex,560 sex
560-1618.mint-mint,560 mint
560-192.Wu-We,560 Wu
560-787.folder-folder,560 folder
560-935.infarct-infack,560 infarct
560-1986.Payne-Payne,560 Payne
560-24.genesis-genesis,560 genesis
560-875.up-up,560 up
560-1389.slums-slums,560 slums
560-1815.whoe-whoe,560 whoe
560-1704.throw-throw,560 throw
560-964.crewmen-crermen,560 crewmen
560-314.Leasing-Leasing,560 Leasing
560-1091.races-races,560 races
560-774.peanut-peanut,560 peanut
560-940.soared-soared,560 soared
560-745.stole-stole,560 stole
560-1159.Emma-Euma,560 Emma
560-1625.joyous-joyous,560 joyous
560-707.extend-extend,560 extend
560-795.Momma-Momaa,560 Momma
560-50.deserts-deserts,560 deserts
560-1951.movie-movie,560 movie
560-703.hansom-harsom,560 hansom
560-922.Ways-Waas,560 Ways
560-1190.Skye-Slye,560 Skye
560-78.busses-busser,560 busses
560-1365.Hercule-Heroule,560 Hercule
560-313.iced-iced,560 iced
560-262.tripped-tripped,560 tripped
560-1160.Solder-Solder,560 Solder
560-1260.Rip-Rip,560 Rip
560-1993.seaman-seaman,560 seaman
560-1184.skirted-slirted,560 skirted
560-1008.floppy-flopey,560 floppy
560-9.Tricks-Tricks,560 Tricks
560-1946.rattail-rartail,560 rattail
560-579.Edna-Edna,560 Edna
560-1912.lured-lured,560 lured
560-682.vent-vent,560 vent
560-992.baths-baths,560 baths
560-1054.secular-secular,560 secular
560-1489.where-where,560 where
560-1310.Draper-Draper,560 Draper
560-431.dawn-dawn,560 dawn
560-796.Brooks-Brocks,560 Brooks
560-1899.Like-Like,560 Like
560-1509.Thru-Thrm,560 Thru
560-1902.citrus-citrus,560 citrus
560-1661.Heights-Heights,560 Heights
560-777.ecstasy-eotary,560 ecstasy
560-730.yell-yell,560 yell
560-568.wiping-wiping,560 wiping
560-1279.markers-marlers,560 markers
560-612.sur-sur,560 sur
560-716.Help-Help,560 Help
560-1903.meld-meld,560 meld
560-1123.folks-folts,560 folks
560-569.detract-detract,560 detract
560-158.poorer-poorer,560 poorer
560-619.real-real,560 real
560-1303.Toodle-Foodle,560 Toodle
560-699.behahn-benaln,560 behahn
560-103.emit-emit,560 emit
560-1922.adsorbs-adsorbs,560 adsorbs
560-1875.rewt-reut,560 rewt
560-1860.inquiry-inpairy,560 inquiry
560-1331.Agatha-Agathey,560 Agatha
560-1014.runaway-renovay,560 runaway
560-378.Monday-Monday,560 Monday
560-1964.bullets-bullets,560 bullets
560-1829.yip-yip,560 yip
560-333.optimum-optimen,560 optimum
560-1044.Near-Mear,560 Near
560-743.Rapport-Ragport,560 Rapport
560-126.debt-debt,560 debt
560-1024.leavin-leavin,560 leavin
560-1967.palazzi-palaric,560 palazzi
560-20.Pauleys-Pauleys,560 Pauleys
560-1277.Monroe-Mouroe,560 Monroe
560-1021.park-park,560 park
560-1834.Bohlen-Borlen,560 Bohlen
560-1579.cost-cost,560 cost
560-1464.OOH-Opt,560 OOH
560-1743.Han-tan,560 Han
560-1249.Fitzroy-Fintroy,560 Fitzroy
560-90.older-older,560 older
560-1222.trial-trial,560 trial
560-393.cricket-cricket,560 cricket
560-113.Spanish-Spanith,560 Spanish
560-1776.mor-mor,560 mor
560-1728.Shrewd-Shrewd,560 Shrewd
560-61.months-ponths,560 months
560-613.surname-surname,560 surname
560-396.regains-regains,560 regains
560-610.Ciardi-Caadi,560 Ciardi
560-853.partner-parther,560 partner
560-1802.Ditch-Ditch,560 Ditch
560-1609.styled-styled,560 styled
560-1140.Griffin-Griffin,560 Griffin
560-668.samovar-samorat,560 samovar
560-410.sigh-sigh,560 sigh
560-1333.throaty-throaty,560 throaty
560-235.Aah-Aakh,560 Aah
560-1103.tempted-temoted,560 tempted
560-1393.handgun-handurs,560 handgun
560-347.Tribune-Tribune,560 Tribune
560-1272.Gloomy-Gloong,560 Gloomy
560-533.further-fusther,560 further
560-1653.Helene-Helene,560 Helene
560-640.furrow-furrow,560 furrow
560-527.room-roon,560 room
560-473.team-team,560 team
560-1617.Ron-Ron,560 Ron
560-1972.lineal-lineal,560 lineal
560-729.supply-supely,560 supply
560-1437.Trotsky-Frously,560 Trotsky
560-943.Gardens-Gardens,560 Gardens
560-897.august-angust,560 august
560-711.Twigs-Thigs,560 Twigs
560-624.Pace-Pace,560 Pace
560-260.Audits-Audits,560 Audits
560-189.arising-arising,560 arising
560-740.Funk-Funt,560 Funk
560-1285.lacey-lacey,560 lacey
560-1813.Eustis-Eustis,560 Eustis
560-1545.Victory-lictory,560 Victory
560-1953.Coyotes-Coyotes,560 Coyotes
560-1865.pledges-pledges,560 pledges
560-214.Snapped-Snapeed,560 Snapped
560-285.famine-famine,560 famine
560-417.jalopy-jalopy,560 jalopy
560-942.barbell-barbell,560 barbell
560-1641.flavors-flavors,560 flavors
560-1780.ethnic-ethric,560 ethnic
560-1761.fiddle-fidale,560 fiddle
560-1097.rogue-rogue,560 rogue
560-614.Statuto-Staluto,560 Statuto
560-1168.Magoun-Magoun,560 Magoun
560-1713.pretext-preteat,560 pretext
560-1657.held-held,560 held
560-244.Salk-Salk,560 Salk
560-1261.guffaws-quftavs,560 guffaws
560-441.Dale-Dale,560 Dale
560-1744.piles-piles,560 piles
560-435.Glory-Glory,560 Glory
560-1453.milieu-prilien,560 milieu
560-1215.PBS-Pri,560 PBS
560-266.briefed-briffed,560 briefed
560-1023.hitting-hittrrg,560 hitting
560-1888.Handler-Handler,560 Handler
560-1905.beggar-beggar,560 beggar
560-325.Schley-Schley,560 Schley
560-1040.Viceroy-Viceroy,560 Viceroy
560-521.rest-rest,560 rest
560-547.combo-combo,560 combo
560-1029.Caught-Caught,560 Caught
560-470.nigh-nigh,560 nigh
560-1524.Haumd-Hland,560 Haumd
560-240.journey-journey,560 journey
560-1798.modicum-rodicen,560 modicum
560-1473.prefuh-prefuch,560 prefuh
560-1088.akin-alin,560 akin
560-499.soils-soils,560 soils
560-1179.pecked-pecked,560 pecked
560-1203.Tiny-Tiny,560 Tiny
560-1141.Goodis-Goodis,560 Goodis
560-257.gentile-gentile,560 gentile
560-234.urn-unn,560 urn
560-1354.imagery-inaery,560 imagery
560-633.chagrin-chagrin,560 chagrin
560-1775.Dairy-Dairy,560 Dairy
560-145.Dynasts-Dynaste,560 Dynasts
560-187.numb-numt,560 numb
560-1409.editor-editor,560 editor
560-648.baffle-baffle,560 baffle
560-315.legends-legends,560 legends
560-1723.Vikulov-Kitulow,560 Vikulov
560-1683.lengthy-lenghey,560 lengthy
560-439.jist-jist,560 jist
560-179.bangish-bangish,560 bangish
560-75.Dives-Dives,560 Dives
560-559.pickoff-pickoff,560 pickoff
560-1432.maples-mooles,560 maples
560-379.mica-mica,560 mica
560-1283.Soignee-Soigned,560 Soignee
560-1009.Leon-Leon,560 Leon
560-516.iron-iron,560 iron
560-659.apogee-apouge,560 apogee
560-319.groups-groups,560 groups
560-400.kit-kit,560 kit
560-479.hammer-hameer,560 hammer
560-1422.Birth-Birth,560 Birth
560-1573.Leg-Ley,560 Leg
560-1401.Lisbon-Lisbon,560 Lisbon
560-420.Johnny-johnny,560 Johnny
560-1913.flubbed-flubeed,560 flubbed
560-361.swan-swan,560 swan
560-144.Sources-Cources,560 Sources
560-678.Balzac-Balfac,560 Balzac
560-487.ransom-ransom,560 ransom
560-775.seas-seas,560 seas
560-1511.waitin-waitin,560 waitin
560-31.Ettore-Eulore,560 Ettore
560-733.rivaled-rivaled,560 rivaled
560-1897.grunted-grunted,560 grunted
560-1463.coward-coward,560 coward
560-975.aides-aides,560 aides
560-841.Saudi-Sandi,560 Saudi
560-208.Pay-Pay,560 Pay
560-725.chopper-chopper,560 chopper
560-16.fawn-fawn,560 fawn
560-704.blazing-blaging,560 blazing
560-1148.Tube-Tube,560 Tube
560-1496.milks-milks,560 milks
560-398.blunter-blunter,560 blunter
560-236.grazed-srayed,560 grazed
560-926.Area-Area,560 Area
560-392.totemic-toremic,560 totemic
560-507.Bagh-Bagh,560 Bagh
560-906.copying-copying,560 copying
560-1711.spruced-sprned,560 spruced
560-1250.Affairs-Aftairs,560 Affairs
560-1481.prevent-prevent,560 prevent
560-340.freight-freight,560 freight
560-53.genders-genders,560 genders
560-485.wold-wold,560 wold
560-1301.Leone-Leone,560 Leone
560-395.Shoup-Shoup,560 Shoup
560-1340.curling-curling,560 curling
560-109.viable-viable,560 viable
560-1374.Gruller-Sruller,560 Gruller
560-1514.Halfway-Halpuag,560 Halfway
560-374.utilize-ntilige,560 utilize
560-1254.gunman-gumnan,560 gunman
560-173.nickels-nickels,560 nickels
560-416.Pasley-Pasley,560 Pasley
560-1311.Marines-Marines,560 Marines
560-493.lob-lob,560 lob
560-346.Pilgrim-Pilgrim,560 Pilgrim
560-1733.SD-Si,560 SD
560-529.Belief-Belief,560 Belief
560-1682.Sumter-sunter,560 Sumter
560-962.Purdew-Purdew,560 Purdew
560-803.Fermate-Feraate,560 Fermate
560-860.Lockies-Lockies,560 Lockies
560-947.daytime-dayiime,560 daytime
560-721.flimsy-flinsy,560 flimsy
560-511.jointly-jointly,560 jointly
560-1712.Mesa-Mesa,560 Mesa
560-939.fanning-fannig,560 fanning
560-1736.Corso-Lorso,560 Corso
560-1876.Merce-Merce,560 Merce
560-564.notion-notion,560 notion
560-1578.suits-suits,560 suits
560-1831.foliage-foliage,560 foliage
560-1065.Tiepolo-Fiepolo,560 Tiepolo
560-1165.Loosli-Loosli,560 Loosli
560-1325.face-face,560 face
560-1547.devoid-devoil,560 devoid
560-997.dugout-degoul,560 dugout
560-793.nirvana-hiveana,560 nirvana
560-367.toadies-toadies,560 toadies
560-639.Shoals-Shoals,560 Shoals
560-1429.Those-Those,560 Those
560-4.gloated-gloated,560 gloated
560-1915.Gilman-Gilman,560 Gilman
560-1051.fuse-fuse,560 fuse
560-115.Buying-Buyiig,560 Buying
560-1241.riddle-riadle,560 riddle
560-1995.Donna-Donna,560 Donna
560-1274.saber-saber,560 saber
560-1233.Fifty-Fifty,560 Fifty
560-1556.council-council,560 council
560-593.brewing-brewing,560 brewing
560-424.Johnnie-Jounrie,560 Johnnie
560-1087.Edward-Eoward,560 Edward
560-1053.drawing-drawigg,560 drawing
560-277.Pagan-Pagan,560 Pagan
560-1189.troika-troika,560 troika
560-1486.Eloise-Eloise,560 Eloise
560-149.Holden-Holden,560 Holden
560-500.Gelly-Gelly,560 Gelly
560-1352.erects-erects,560 erects
560-1740.missing-missing,560 missing
560-1574.Keizer-Veiger,560 Keizer
560-1150.Thrush-Thusth,560 Thrush
560-1321.Hyena-Hyena,560 Hyena
560-1871.ape-ape,560 ape
560-418.rampage-rampage,560 rampage
560-1838.studies-studies,560 studies
560-830.patio-pation,560 patio
560-1518.veiling-verling,560 veiling
560-595.Guam-Geam,560 Guam
560-364.Lummus-Lemmis,560 Lummus
560-1991.oft-oft,560 oft
560-1268.crooned-croone,560 crooned
560-1108.Afrique-Afrigue,560 Afrique
560-1387.Cash-Cash,560 Cash
560-1220.Leesona-Lesona,560 Leesona
560-1188.laughed-laughed,560 laughed
560-1158.belfry-belfry,560 belfry
560-1604.lots-lots,560 lots
560-63.aviary-aviary,560 aviary
560-297.nowhere-noukere,560 nowhere
560-1465.urges-urges,560 urges
560-631.Sixteen-Sinten,560 Sixteen
560-584.curb-curb,560 curb
560-701.tariff-tariff,560 tariff
560-817.Vivier-Vivier,560 Vivier
560-1595.Hewlitt-Henlitt,560 Hewlitt
560-124.thawing-thawrgg,560 thawing
560-397.cores-cores,560 cores
560-65.very-very,560 very
560-1349.people-people,560 people
560-742.dances-dances,560 dances
560-714.turret-turret,560 turret
560-549.muffler-muffler,560 muffler
560-693.Pullen-Pullen,560 Pullen
560-1516.suckers-suckers,560 suckers
560-1526.stripes-stripes,560 stripes
560-12.Taruffi-Tarufic,560 Taruffi
560-815.boost-boost,560 boost
560-869.Notre-Notre,560 Notre
560-977.paper-paper,560 paper
560-238.Kegham-legham,560 Kegham
560-1229.Taiwan-Taiean,560 Taiwan
560-1580.Ceramic-Ceramic,560 Ceramic
560-1485.Rooms-Rooms,560 Rooms
560-765.soaked-soaked,560 soaked
560-1681.regain-regain,560 regain
560-625.Verreau-Kervean,560 Verreau
560-1908.Heywood-teywod,560 Heywood
560-42.Falcon-Falcon,560 Falcon
560-551.fuzz-fuug,560 fuzz
560-282.purring-purrigg,560 purring
560-1735.Boliou-Boliou,560 Boliou
560-809.chuckle-chuckie,560 chuckle
560-1502.elegiac-elegiac,560 elegiac
560-918.waits-waits,560 waits
560-1382.Barco-Barco,560 Barco
560-816.Novo-Novo,560 Novo
560-1239.Vision-Vision,560 Vision
560-343.voter-voter,560 voter
560-1018.Rim-Rim,560 Rim
560-1565.infant-infant,560 infant
560-1391.Soccer-Soccer,560 Soccer
560-763.Sophia-Sophiaa,560 Sophia
560-415.prints-prints,560 prints
560-1048.Cabot-Cabot,560 Cabot
560-1237.PWA-Ple,560 PWA
560-1662.cackly-cackly,560 cackly
560-1384.Voters-Noters,560 Voters
560-1172.Amici-Amicc,560 Amici
560-8.dweller-dweller,560 dweller
560-982.Frisco-Frisco,560 Frisco
560-1628.catalog-cetalog,560 catalog
560-1181.blazon-blapon,560 blazon
560-581.dawning-dasnigg,560 dawning
560-719.Hear-tear,560 Hear
560-1034.creamy-creamy,560 creamy
560-649.rapidly-rapidly,560 rapidly
560-270.Simca-Simea,560 Simca
560-833.Lana-Lana,560 Lana
560-908.Mennen-Mennen,560 Mennen
560-1726.Weeks-Weets,560 Weeks
560-22.nip-nip,560 nip
560-1938.jure-jure,560 jure
560-386.hobo-hobo,560 hobo
560-1858.caviar-caviar,560 caviar
560-299.Mixed-rised,560 Mixed
560-1591.gaily-gaily,560 gaily
560-525.gala-gala,560 gala
560-1161.unkempt-unkergt,560 unkempt
560-446.Ole-Ole,560 Ole
560-1984.gentian-gentian,560 gentian
560-1950.Fat-Fat,560 Fat
560-99.Neptune-Keptune,560 Neptune
560-5.lent-lent,560 lent
560-452.weekly-weelly,560 weekly
560-1758.Care-Care,560 Care
560-307.marvels-narvels,560 marvels
560-734.parsley-parsley,560 parsley
560-114.Lowe-Lowe,560 Lowe
560-1979.Wimsatt-Winaat,560 Wimsatt
560-204.Pompey-Rompey,560 Pompey
560-1955.Zone-Cone,560 Zone
560-1592.algebra-algerra,560 algebra
560-1386.bluish-bluish,560 bluish
560-596.munch-punch,560 munch
560-969.impinge-impinge,560 impinge
560-727.aided-aided,560 aided
560-1180.Interim-Interin,560 Interim
560-1620.bailiff-bailff,560 bailiff
560-190.youth-youth,560 youth
560-1347.squeal-spneal,560 squeal
560-987.change-change,560 change
560-538.Catfish-Catlish,560 Catfish
560-597.socket-socket,560 socket
560-1887.High-Highe,560 High
560-1195.Lime-Lime,560 Lime
560-1058.Nude-Nude,560 Nude
560-646.destiny-desting,560 destiny
560-1236.fancies-fancies,560 fancies
560-535.drains-drains,560 drains
560-1633.Boxwood-Bopwod,560 Boxwood
560-799.oranges-oranges,560 oranges
560-1966.stiffer-stilfer,560 stiffer
560-466.och-och,560 och
560-1623.Smith-Suith,560 Smith
560-1841.Urban-Vrban,560 Urban
560-660.tolls-tolls,560 tolls
560-1002.mapping-mapiiny,560 mapping
560-1751.finned-finned,560 finned
560-1916.mask-mast,560 mask
560-476.Church-Cuurch,560 Church
560-894.miso-miso,560 miso
560-25.situ-sith,560 situ
560-1994.Karsner-Varsne,560 Karsner
560-1191.blunted-blunted,560 blunted
560-951.loyalty-lopatty,560 loyalty
560-673.dough-dough,560 dough
560-1359.subtly-suotly,560 subtly
560-143.throng-throng,560 throng
560-598.Aide-Aide,560 Aide
560-622.Ford-Ford,560 Ford
560-827.spangle-spangle,560 spangle
560-1866.rarity-rarity,560 rarity
560-1209.memento-menerto,560 memento
560-1152.Kawecki-lawecii,560 Kawecki
560-604.Oxnard-Oraad,560 Oxnard
560-1050.Dane-Dane,560 Dane
560-1431.unquiet-unguiet,560 unquiet
560-501.Schramm-Sckaam,560 Schramm
560-497.avarice-avarice,560 avarice
560-999.Dorcas-Dorcas,560 Dorcas
560-1257.arcades-arcades,560 arcades
560-389.woeful-noeful,560 woeful
560-608.Lacking-Lacking,560 Lacking
560-1646.Roach-Roach,560 Roach
560-1645.pier-pier,560 pier
560-1037.Bevo-Bero,560 Bevo
560-323.rapt-rapt,560 rapt
560-990.Zhok-Chot,560 Zhok
560-806.fatuous-fathous,560 fatuous
560-1208.quench-quench,560 quench
560-1075.unknown-urthoud,560 unknown
560-931.Equinox-Eguioo,560 Equinox
560-877.Oneida-Oneida,560 Oneida
560-147.railway-railuay,560 railway
560-1508.Means-Means,560 Means
560-1960.Beside-Beside,560 Beside
560-1675.Chiba-Chibar,560 Chiba
560-773.mild-muild,560 mild
560-1608.malign-melign,560 malign
560-1699.Theorem-Thoren,560 Theorem
560-829.Sssshoo-Seshoo,560 Sssshoo
560-1551.broiler-broiler,560 broiler
560-1572.atune-atune,560 atune
560-317.death-death,560 death
560-331.Fink-Fink,560 Fink
560-1773.Sail-Sail,560 Sail
560-706.block-block,560 block
560-335.beset-beset,560 beset
560-1793.Muscovy-Mascoyy,560 Muscovy
560-582.Burford-Burford,560 Burford
560-1487.begin-begin,560 begin
560-944.dinners-dineers,560 dinners
560-348.less-less,560 less
560-1851.Mumford-Munford,560 Mumford
560-1521.shorts-shorts,560 shorts
560-269.choral-choral,560 choral
560-1552.poses-poser,560 poses
560-1394.rings-rinas,560 rings
560-1126.smoking-snokigg,560 smoking
560-1569.Oceana-Ocenas,560 Oceana
560-560.Sadie-Sadie,560 Sadie
560-1581.hoc-hoc,560 hoc
560-1404.evolved-enoleed,560 evolved
560-779.coiled-coiled,560 coiled
560-1636.terry-terry,560 terry
560-1931.rental-rental,560 rental
560-1737.Andover-Andover,560 Andover
560-11.eve-eve,560 eve
560-1567.Pfohl-Pfoul,560 Pfohl
560-526.Melvin-Medvin,560 Melvin
560-36.Skating-Slating,560 Skating
560-1061.repay-repay,560 repay
560-993.Extreme-Eatheme,560 Extreme
560-566.Wised-Wised,560 Wised
560-891.similar-similar,560 similar
560-1210.Finish-Finish,560 Finish
560-258.admires-admires,560 admires
560-843.jocular-joullar,560 jocular
560-1390.errors-eroors,560 errors
560-539.steppes-stepres,560 steppes
560-1259.shirt-shirt,560 shirt
560-1052.anion-anion,560 anion
560-842.dyed-dyed,560 dyed
560-1468.Semenov-Semeaor,560 Semenov
560-2000.bop-bop,560 bop
560-576.bedding-bedling,560 bedding
560-1334.clash-clash,560 clash
560-687.recruit-reariit,560 recruit
560-1442.sayed-sayed,560 sayed
560-413.guard-quard,560 guard
560-1129.burly-burly,560 burly
560-506.Gildas-Gildas,560 Gildas
560-148.Salle-Salle,560 Salle
560-1094.Miracle-Misace,560 Miracle
560-1142.gloats-gloats,560 gloats
560-1328.Malia-Malia,560 Malia
560-1131.Jew-Jew,560 Jew
560-1999.Canal-Canal,560 Canal
560-51.Heather-Heather,560 Heather
560-1584.Wally-Wally,560 Wally
560-1399.bred-bred,560 bred
560-876.daily-daily,560 daily
560-132.Sp-sp,560 Sp
560-854.debated-devated,560 debated
560-878.Stage-Staye,560 Stage
560-1007.track-track,560 track
560-509.broken-broken,560 broken
560-864.babes-babes,560 babes
560-1929.eva-ewa,560 eva
560-183.patriot-patioot,560 patriot
560-1626.heir-heir,560 heir
560-1759.jag-jay,560 jag
560-1788.boyhood-beghood,560 boyhood
560-1753.Ana-Ana,560 Ana
560-811.charter-charter,560 charter
560-37.obliged-obliged,560 obliged
560-1252.blended-blende,560 blended
560-1412.stings-stinas,560 stings
560-56.Death-Death,560 Death
560-724.unless-unless,560 unless
560-1169.scheme-scheme,560 scheme
560-617.comin-comin,560 comin
560-910.Milton-rilton,560 Milton
560-657.elapses-elapses,560 elapses
560-1218.Wesson-Wesson,560 Wesson
560-1558.Crouch-Crouch,560 Crouch
560-69.bequest-beguest,560 bequest
560-635.Sober-Sober,560 Sober
560-1901.Moon-Moon,560 Moon
560-1998.intense-interse,560 intense
560-1323.Belgian-Belgran,560 Belgian
560-954.Haase-Haase,560 Haase
560-1768.sluices-sluices,560 sluices
560-1157.Arms-Arms,560 Arms
560-1438.File-File,560 File
560-482.Adamson-Adauson,560 Adamson
560-1357.Circle-Circle,560 Circle
560-1266.circles-circles,560 circles
560-1408.Taft-Taft,560 Taft
560-1707.AL-Alo,560 AL
560-276.states-states,560 states
560-336.Blossom-Blossom,560 Blossom
560-1755.Andrei-Andrei,560 Andrei
560-178.Bal-Bal,560 Bal
560-1117.helmets-helmets,560 helmets
560-98.Project-Prosect,560 Project
560-615.bridal-bridal,560 bridal
560-792.Zebek-Cebek,560 Zebek
560-172.baying-baying,560 baying
560-14.leaves-leaves,560 leaves
560-677.Don-Don,560 Don
560-1253.Middle-riadle,560 Middle
560-1307.Advise-Advise,560 Advise
560-1932.leisure-leisure,560 leisure
560-105.attis-attis,560 attis
560-1322.Foster-Foster,560 Foster
560-645.Stock-Stock,560 Stock
560-1563.Oh-Oh,560 Oh
560-272.Whah-What,560 Whah
560-1320.Chester-Chester,560 Chester
560-1039.haul-haul,560 haul
560-268.Tillie-Tillie,560 Tillie
560-273.torpor-tarpor,560 torpor
560-49.diving-diving,560 diving
560-358.drumlin-dramlin,560 drumlin
560-867.Starts-Sharts,560 Starts
560-749.bullies-buliess,560 bullies
560-1411.Kalonji-talongi,560 Kalonji
560-1081.process-process,560 process
560-1073.zinc-Dine,560 zinc
560-40.Rushall-Rushall,560 Rushall
560-1702.Harburg-tarougg,560 Harburg
560-437.furtive-furtive,560 furtive
560-627.anise-anise,560 anise
560-1794.Tiles-Tiles,560 Tiles
560-308.impiety-inpiety,560 impiety
560-782.gaiters-gaiters,560 gaiters
560-1630.Ought-Ought,560 Ought
560-1113.plank-plank,560 plank
560-605.mile-miike,560 mile
560-1760.wrongs-wrongs,560 wrongs
560-382.haggle-haggle,560 haggle
560-1985.trays-trays,560 trays
560-1837.Minoso-Minaso,560 Minoso
560-1192.flute-flute,560 flute
560-490.Chase-Chase,560 Chase
560-279.ridges-ridges,560 ridges
560-1293.heard-heard,560 heard
560-1090.Isis-lsin,560 Isis
560-1766.fortify-fortily,560 fortify
560-536.lustily-lustily,560 lustily
560-789.Vacancy-lacaney,560 Vacancy
560-1231.Riesman-Riesman,560 Riesman
560-430.Buaford-Buaford,560 Buaford
560-846.Cheer-Cher,560 Cheer
560-162.putter-pubter,560 putter
560-585.Tea-Tea,560 Tea
560-283.Sunay-Sinay,560 Sunay
560-1602.ripple-ripple,560 ripple
560-1811.patrol-patrol,560 patrol
560-1611.Ebbetts-Eoberls,560 Ebbetts
560-2.chimney-chimeey,560 chimney
560-546.Screen-Screnn,560 Screen
560-1467.Being-Being,560 Being
560-1490.Cipolla-Cipolla,560 Cipolla
560-288.Burnes-Burnes,560 Burnes
560-443.at-at,560 at
560-1561.centers-centers,560 centers
560-1353.Geatish-Geatish,560 Geatish
560-1941.clefts-clefts,560 clefts
560-1533.harried-haried,560 harried
560-531.aseptic-aseftic,560 aseptic
560-1830.Average-Average,560 Average
560-1884.Wrath-Wrath,560 Wrath
560-1281.Much-Much,560 Much
560-807.amid-anid,560 amid
560-384.Aiding-Aiding,560 Aiding
560-280.gripes-aripes,560 gripes
560-1989.Culture-Culture,560 Culture
560-681.wakened-watene,560 wakened
560-1084.rebut-rebut,560 rebut
560-1342.Cecilia-Cecliia,560 Cecilia
560-1840.Piers-Piers,560 Piers
560-823.vests-vests,560 vests
560-1138.defends-defuns,560 defends
560-512.Violin-Violin,560 Violin
560-505.Bonne-Boune,560 Bonne
560-1312.naps-naps,560 naps
560-1171.Feelers-Feelers,560 Feelers
560-905.Kern-Vern,560 Kern
560-638.politic-politic,560 politic
560-1694.und-und,560 und
560-1910.rasped-raseed,560 rasped
560-354.Stoic-Stoic,560 Stoic
560-7.fort-fort,560 fort
560-856.smarted-smarted,560 smarted
560-188.creamed-creames,560 creamed
560-1402.Fike-Fike,560 Fike
560-1615.Wyn-Wly,560 Wyn
560-428.Beronio-Beronio,560 Beronio
560-1671.onus-onus,560 onus
560-938.duel-duel,560 duel
560-1560.apex-aper,560 apex
560-757.Cubist-Cubist,560 Cubist
560-984.Uh-Ih,560 Uh
560-1132.Barber-Barber,560 Barber
560-933.defect-defect,560 defect
560-391.dreary-dreary,560 dreary
560-1070.Widsith-Widsth,560 Widsith
560-1176.zing-ving,560 zing
560-1806.arouses-arouses,560 arouses
560-1443.Pastern-Pastern,560 Pastern
560-1933.Mullins-Mullins,560 Mullins
560-1544.alarm-alarm,560 alarm
560-621.ferry-ferry,560 ferry
560-1629.Hot-Hot,560 Hot
560-1770.Yaqui-Lasui,560 Yaqui
560-1332.swished-suithed,560 swished
560-1337.dying-dying,560 dying
560-1649.Zing-Cing,560 Zing
560-756.melee-mellee,560 melee
560-1881.entity-entily,560 entity
560-1074.trades-trades,560 trades
560-1299.solving-soleing,560 solving
560-337.Bimini-Biminc,560 Bimini
560-1224.outrun-outrun,560 outrun
560-577.Sloan-Sloan,560 Sloan
560-1714.Myth-Myth,560 Myth
560-1677.Mal-Mal,560 Mal
560-26.dales-dales,560 dales
560-1017.Stiles-Stiles,560 Stiles
560-450.Bonanza-Bouarga,560 Bonanza
560-170.acting-acting,560 acting
560-1145.tooke-tooke,560 tooke
560-101.Comend-Comend,560 Comend
560-1105.burrs-burrs,560 burrs
560-1439.hearer-heaver,560 hearer
560-1255.caskets-caslets,560 caskets
560-1358.Wee-Wee,560 Wee
560-135.Rain-Rain,560 Rain
560-1778.Ranch-Panch,560 Ranch
560-1355.stake-stake,560 stake
560-606.Mutton-Mutton,560 Mutton
560-226.verity-verity,560 verity
560-483.pout-pout,560 pout
560-464.pearly-pearly,560 pearly
560-1631.Campo-Campo,560 Campo
560-1086.sops-sops,560 sops
560-1248.Omsk-Onsk,560 Omsk
560-362.fungus-fungus,560 fungus
560-1262.Psalm-Psalm,560 Psalm
560-563.cabinet-cabinet,560 cabinet
560-759.Prelude-Prelade,560 Prelude
560-1292.ruts-ruts,560 ruts
560-356.Vice-Vice,560 Vice
560-1356.stakes-stakes,560 stakes
560-48.hazes-hages,560 hazes
560-1344.Saadi-Saadi,560 Saadi
560-898.lost-lost,560 lost
560-1665.Soldier-Soldier,560 Soldier
560-181.guild-guild,560 guild
560-237.Flat-Flat,560 Flat
560-1920.Words-Words,560 Words
560-822.bury-bury,560 bury
560-95.Monde-Monde,560 Monde
560-1372.staved-staved,560 staved
560-1227.Beckett-Beckett,560 Beckett
560-967.logical-logical,560 logical
560-3.bump-bump,560 bump
560-705.hearest-hearest,560 hearest
560-1869.field-field,560 field
560-1795.canoes-canoes,560 canoes
560-1587.suffice-suffice,560 suffice
560-871.warhead-warheat,560 warhead
560-296.chromic-chromic,560 chromic
560-1658.siren-siren,560 siren
560-1230.Figone-Figone,560 Figone
560-805.Albers-albers,560 Albers
560-29.comings-comiyss,560 comings
560-1149.weave-weave,560 weave
560-1313.teasing-teasing,560 teasing
560-1269.curves-curves,560 curves
560-468.argon-argon,560 argon
560-1710.tail-tail,560 tail
560-698.follies-foliees,560 follies
560-1660.Armies-Armies,560 Armies
560-248.slaps-slaps,560 slaps
560-123.leads-leads,560 leads
560-1564.fin-fin,560 fin
560-814.crumbly-crandly,560 crumbly
560-1745.pistols-pistols,560 pistols
560-1898.forage-forage,560 forage
560-920.Chung-Chung,560 Chung
560-1064.Lottie-Lottie,560 Lottie
560-1360.Roland-Roland,560 Roland
560-1417.ocarina-ocarina,560 ocarina
560-1339.pomaded-pomaled,560 pomaded
560-1315.Modular-Mouilar,560 Modular
560-1924.Lion-Lion,560 Lion
560-1400.squaw-seraw,560 squaw
560-1854.scrapes-sarapes,560 scrapes
560-305.igneous-ingeous,560 igneous
560-1756.subbing-suborgg,560 subbing
560-1601.Stormy-Stormy,560 Stormy
560-1997.Bordner-Bordher,560 Bordner
560-636.brought-brought,560 brought
560-1136.watery-walery,560 watery
560-751.Bellow-Bellow,560 Bellow
560-1445.vacuous-vaccous,560 vacuous
560-1446.Touch-Touch,560 Touch
560-819.Vague-Vague,560 Vague
560-1856.counsel-counsel,560 counsel
560-1368.carven-carven,560 carven
560-1727.fenders-fenders,560 fenders
560-1305.sleeves-sleces,560 sleeves
560-601.Gospels-Corpels,560 Gospels
560-1457.Pandora-Pandora,560 Pandora
560-1642.button-button,560 button
560-365.mimetic-minetic,560 mimetic
560-666.Steuben-Stemben,560 Steuben
560-1284.drapers-drapens,560 drapers
560-120.Literal-literal,560 Literal
560-1886.Emory-Enory,560 Emory
560-165.wagging-wegging,560 wagging
560-1805.Leroy-Leroy,560 Leroy
560-1162.Burch-Burch,560 Burch
560-1651.grudge-arndye,560 grudge
560-1738.Iberia-Hberia,560 Iberia
560-1942.afire-afire,560 afire
560-810.claret-claret,560 claret
560-788.phase-plase,560 phase
560-203.revoked-ravoked,560 revoked
560-1296.Scotian-Seotian,560 Scotian
560-383.Guild-Guild,560 Guild
560-586.Pirate-Pirate,560 Pirate
560-1267.splits-splits,560 splits
560-1202.Bobbsey-Rolusey,560 Bobbsey
560-923.splurge-splure,560 splurge
560-1648.Violent-Vrolent,560 Violent
560-191.rein-rein,560 rein
560-958.Todd-Todd,560 Todd
560-1506.Tanny-Tanny,560 Tanny
560-717.saga-saga,560 saga
560-1350.probes-probes,560 probes
560-1956.Pate-Pate,560 Pate
560-780.steps-steps,560 steps
560-1839.valewe-valeve,560 valewe
560-1537.teams-teams,560 teams
560-713.inlaid-inlaid,560 inlaid
560-23.greeted-sreeted,560 greeted
560-1666.mostly-mostly,560 mostly
560-826.along-along,560 along
560-1717.wonders-wonders,560 wonders
560-556.fled-fled,560 fled
560-146.black-black,560 black
560-1965.darker-darker,560 darker
560-250.rustle-rustle,560 rustle
560-1089.Darius-Darins,560 Darius
560-207.circle-circle,560 circle
560-735.Rackmil-Peckuil,560 Rackmil
560-1525.wool-woo,560 wool
560-1529.gambit-ganbit,560 gambit
560-1822.Saviour-Saviour,560 Saviour
560-1133.Heron-teron,560 Heron
560-1586.duffel-duffel,560 duffel
560-642.firmer-flrmer,560 firmer
560-1842.trains-trains,560 trains
560-883.careers-careers,560 careers
560-1943.poling-poling,560 poling
560-463.toiled-toiled,560 toiled
560-1186.Pursuit-Pursuit,560 Pursuit
560-1200.styles-styles,560 styles
560-1962.thar-thar,560 thar
560-1680.cheap-cheap,560 cheap
560-1650.fearing-fearing,560 fearing
560-1663.smokes-smokes,560 smokes
560-409.attest-attesh,560 attest
560-1535.orders-orders,560 orders
560-1079.pigeons-pigeans,560 pigeons
560-1570.dryer-dryer,560 dryer
560-1774.artist-artist,560 artist
560-620.primly-prinly,560 primly
560-465.evading-exading,560 evading
560-971.praise-praise,560 praise
560-1624.tecum-tecmn,560 tecum
560-1515.clashes-clasher,560 clashes
560-1885.behynde-belunde,560 behynde
560-952.Playboy-Playboy,560 Playboy
560-1961.tones-tones,560 tones
560-223.ginkgo-ginlae,560 ginkgo
560-1848.buzzes-burges,560 buzzes
560-221.scant-scant,560 scant
560-1734.enhance-enhance,560 enhance
560-1362.haste-haste,560 haste
560-1451.Stalag-Stallo,560 Stalag
560-1193.clinked-clinked,560 clinked
560-1958.Salish-Salish,560 Salish
560-881.Linus-Linus,560 Linus
560-363.hands-hands,560 hands
560-344.slumped-slupped,560 slumped
560-1143.Itch-Itch,560 Itch
560-442.Seize-Seife,560 Seize
560-74.thievin-thieiin,560 thievin
560-1691.brazier-brasier,560 brazier
560-405.solace-solace,560 solace
560-1418.chic-chie,560 chic
560-1458.biscuit-bascuit,560 biscuit
560-578.Ghana-Chane,560 Ghana
560-1403.OK-of,560 OK
560-778.list-list,560 list
560-865.hunter-hunter,560 hunter
560-1147.hooting-hooting,560 hooting
560-222.doled-doled,560 doled
560-375.omen-omen,560 omen
560-692.budded-buddea,560 budded
560-818.Brahms-Bralms,560 Brahms
560-1420.Aaawww-Alaure,560 Aaawww
560-609.Goodman-Coothan,560 Goodman
560-1647.mum-punn,560 mum
560-246.belief-belief,560 belief
560-1878.suburb-suburl,560 suburb
560-231.wildest-wildest,560 wildest
560-1280.Tsunami-Tsnari,560 Tsunami
560-667.pinched-pinched,560 pinched
560-840.pupated-pupated,560 pupated
560-543.Harbert-Harbert,560 Harbert
560-956.fencing-fencrng,560 fencing
560-445.Hong-Hong,560 Hong
560-432.Oooo-looo,560 Oooo
560-1786.Weiss-Weiss,560 Weiss
560-1462.alerted-alerted,560 alerted
560-921.Ten-Ten,560 Ten
560-755.diet-diet,560 diet
560-754.Argon-Argon,560 Argon
560-890.Teams-Teams,560 Teams
560-387.adapt-adapt,560 adapt
560-216.erosion-exosion,560 erosion
560-781.Nuclear-nuclear,560 Nuclear
560-1419.Toll-Toll,560 Toll
560-1003.frayed-frayed,560 frayed
560-127.gazelle-gayelle,560 gazelle
560-91.homers-homers,560 homers
560-219.Bonjour-Bongour,560 Bonjour
560-1750.hair-hair,560 hair
560-341.Jump-Juup,560 Jump
560-572.Merc-Merc,560 Merc
560-1499.Klees-Kleas,560 Klees
560-1085.profuse-profuse,560 profuse
560-38.aisle-aisle,560 aisle
560-1771.Smoky-Smoly,560 Smoky
560-1435.waning-waning,560 waning
560-45.Sword-Sword,560 Sword
560-421.Dung-Dung,560 Dung
560-1082.Denmark-Cermark,560 Denmark
560-1049.nor-nor,560 nor
560-1456.those-those,560 those
560-1219.novo-novo,560 novo
560-1025.gallon-gallon,560 gallon
560-33.Lyle-byle,560 Lyle
560-1937.Minnett-Vinnets,560 Minnett
560-1290.easel-easel,560 easel
560-548.Quintet-puintet,560 Quintet
560-1990.thieves-thieves,560 thieves
560-184.concurs-concurs,560 concurs
560-1541.Huston-thuton,560 Huston
560-18.spelled-spelled,560 spelled
560-1747.Jeannie-Jeanree,560 Jeannie
560-1232.masseur-masser,560 masseur
560-81.faze-fare,560 faze
560-85.godsend-godsenk,560 godsend
560-995.gauge-gauge,560 gauge
560-1461.Wesker-Wosker,560 Wesker
560-1244.twinge-twinge,560 twinge
560-1488.Maser-Maser,560 Maser
560-1906.wars-wars,560 wars
560-1006.liable-liable,560 liable
560-76.VA-Vy,560 VA
560-983.arnica-arnica,560 arnica
560-1900.Tapley-Tapley,560 Tapley
560-712.safe-safe,560 safe
560-194.pays-pays,560 pays
560-769.Pro-Pro,560 Pro
560-1035.Dover-Dover,560 Dover
560-885.shadow-shadow,560 shadow
560-1947.Bellman-Belmaas,560 Bellman
560-1275.Pauling-Paulrng,560 Pauling
560-1554.Incline-Incline,560 Incline
560-1944.tipped-tipped,560 tipped
560-414.tactual-toctual,560 tactual
560-1466.Lully-Lully,560 Lully
560-1045.wooden-wooden,560 wooden
560-298.Ziggy-liggs,560 Ziggy
560-1553.lope-lope,560 lope
560-634.sons-sone,560 sons
560-1235.pennant-pennart,560 pennant
560-1820.paired-paired,560 paired
560-245.kids-kids,560 kids
560-480.frost-frost,560 frost
560-912.Gavin-Gavin,560 Gavin
560-785.maudlin-pardlin,560 maudlin
560-1656.Collett-Collett,560 Collett
560-986.Georgia-beoriaa,560 Georgia
560-1234.Hitting-tittang,560 Hitting
560-1981.Brannon-Brannol,560 Brannon
560-1700.Filmdom-Filndon,560 Filmdom
560-93.repairs-repairs,560 repairs
560-1852.Bahi-Baki,560 Bahi
560-422.winters-winters,560 winters
560-322.drops-drops,560 drops
560-587.Tatian-Tatian,560 Tatian
560-1836.outwit-outuut,560 outwit
560-498.Union-Union,560 Union
560-423.parody-parody,560 parody
560-1850.Dineen-Dineen,560 Dineen
560-1787.bisque-bisuue,560 bisque
560-140.Lousie-Lousie,560 Lousie
560-72.quart-quart,560 quart
560-494.medium-mediun,560 medium
560-92.Sprague-Spragee,560 Sprague
560-199.drop-drop,560 drop
560-1817.Apollo-Apollo,560 Apollo
560-1440.Josef-Jasef,560 Josef
560-1528.mice-mice,560 mice
560-1433.oats-oats,560 oats
560-1226.Vera-Vera,560 Vera
560-83.indices-indices,560 indices
560-1893.Bugatti-Bugatii,560 Bugatti
560-861.boite-boite,560 boite
560-96.Softer-softer,560 Softer
560-426.Lillian-Lillian,560 Lillian
560-1264.coil-coil,560 coil
560-996.Galway-Calway,560 Galway
560-970.rang-rang,560 rang
560-1032.crust-crust,560 crust
560-980.Grafin-Grafin,560 Grafin
560-211.cocoon-coconn,560 cocoon
560-252.couples-couples,560 couples
560-798.Steps-Steps,560 Steps
560-448.Lobar-Lotar,560 Lobar
560-700.banned-banned,560 banned
560-54.vertex-verter,560 vertex
560-1935.vice-vice,560 vice
560-863.angelic-angelic,560 angelic
560-449.elastic-elastic,560 elastic
560-684.lumen-lomen,560 lumen
560-1808.Phoenix-Phoenit,560 Phoenix
560-1890.grit-grit,560 grit
560-985.loans-loans,560 loans
560-1392.About-Alout,560 About
560-84.Hegel-tegel,560 Hegel
560-1330.focal-focal,560 focal
560-978.Pending-Pendirg,560 Pending
560-1294.known-known,560 known
560-1983.Harmony-Harmony,560 Harmony
560-1286.Bricks-Bricks,560 Bricks
560-1378.Seidel-Seidel,560 Seidel
560-1291.Colonna-Colonas,560 Colonna
560-851.Atlas-Attar,560 Atlas
560-359.rip-rip,560 rip
560-914.County-County,560 County
560-532.Ulanys-Klanys,560 Ulanys
560-35.weeded-weded,560 weeded
560-1821.manuals-neruals,560 manuals
560-1685.Rhythm-Plygten,560 Rhythm
560-1988.novels-novels,560 novels
560-138.knob-knod,560 knob
560-924.ribs-ribs,560 ribs
560-112.Beyeler-Bayeler,560 Beyeler
560-1550.sparks-sparks,560 sparks
560-849.francs-francs,560 francs
560-212.Haw-Haw,560 Haw
560-981.par-par,560 par
560-784.NMR-Nep,560 NMR
560-206.warn-warn,560 warn
560-1472.lone-lone,560 lone
560-1498.sonata-sonato,560 sonata
560-352.Salads-Salads,560 Salads
560-166.fears-fears,560 fears
560-1115.breakup-breakup,560 breakup
560-1026.fists-fists,560 fists
560-611.reagent-reagenl,560 reagent
560-909.Speedup-Speduy,560 Speedup
560-737.lilt-lilt,560 lilt
560-255.States-States,560 States
560-1282.Famed-Famed,560 Famed
560-1763.aids-aids,560 aids
560-1772.basing-lasing,560 basing
560-1945.clammy-clamng,560 clammy
560-180.normals-nomals,560 normals
560-249.carver-carver,560 carver
560-722.Hills-tills,560 Hills
560-321.trench-trench,560 trench
560-1460.occupy-orcepy,560 occupy
560-683.pushes-puskes,560 pushes
560-372.airport-aivport,560 airport
560-786.primacy-primayy,560 primacy
560-1114.curbing-curbing,560 curbing
560-155.retch-retch,560 retch
560-1477.fords-fords,560 fords
560-1120.Burma-Burna,560 Burma
560-350.Mariano-Marino,560 Mariano
560-1896.Carrots-Carrots,560 Carrots
560-602.lives-lives,560 lives
560-224.Gino-Gino,560 Gino
560-855.gentry-genlry,560 gentry
560-1928.buzzed-burged,560 buzzed
560-1028.select-select,560 select
560-1833.Cater-Cater,560 Cater
560-1635.accused-accused,560 accused
560-852.Texans-Terans,560 Texans
560-117.fame-fame,560 fame
560-142.Perasso-Perasod,560 Perasso
560-377.town-town,560 town
560-753.Auntie-Auntie,560 Auntie
560-217.diary-diary,560 diary
560-1919.Hatred-Hatred,560 Hatred
560-1827.works-works,560 works
560-472.hawk-haut,560 hawk
560-689.highly-highly,560 highly
560-408.Animals-Arimals,560 Animals
560-1909.Fritz-trite,560 Fritz
560-320.mercy-mercy,560 mercy
560-1369.Span-Span,560 Span
560-882.tempeh-tempeh,560 tempeh
560-736.bulb-bulb,560 bulb
560-1371.sodden-sodlen,560 sodden
560-1757.Nae-Nae,560 Nae
560-508.harping-happing,560 harping
560-1027.Sultane-Sultane,560 Sultane
560-674.Rollins-Rollins,560 Rollins
560-994.choke-chote,560 choke
560-177.west-west,560 west
560-837.skilled-shilled,560 skilled
560-406.grown-grown,560 grown
560-1428.Chiefly-chiefly,560 Chiefly
560-1173.rush-rush,560 rush
560-1791.status-status,560 status
560-328.bruised-bruised,560 bruised
560-1812.Jackie-Jackie,560 Jackie
560-256.jaws-jaws,560 jaws
560-294.antenna-antennd,560 antenna
560-1170.Owens-Ouens,560 Owens
560-1067.Showers-Showens,560 Showers
560-21.styling-styling,560 styling
560-1505.oxide-oride,560 oxide
560-766.Kruger-Vruger,560 Kruger
560-1459.phis-phis,560 phis
560-1314.ringing-ringres,560 ringing
560-1388.Jewett-Jewett,560 Jewett
560-957.Pension-Pensior,560 Pension
560-232.peg-pey,560 peg
560-1116.opens-opens,560 opens
560-1407.retail-retail,560 retail
560-201.during-during,560 during
560-1790.Reduced-Redused,560 Reduced
560-671.gesture-gesture,560 gesture
560-369.pinks-pinks,560 pinks
560-1520.bees-bees,560 bees
560-1128.wounded-wouded,560 wounded
560-100.Pimen-Pimen,560 Pimen
560-309.Start-Start,560 Start
560-1527.livid-livid,560 livid
560-1363.silken-silken,560 silken
560-1033.Tartary-Tartary,560 Tartary
560-1175.trio-trio,560 trio
560-836.would-would,560 would
560-1952.Common-Common,560 Common
560-481.Signore-Signore,560 Signore
560-1177.Crimes-Crimes,560 Crimes
560-643.exploit-exploit,560 exploit
560-592.Emmert-Eamert,560 Emmert
560-1270.sharper-sharper,560 sharper
560-1348.nun-nun,560 nun
560-1921.tedious-tedous,560 tedious
560-1538.Krumpp-Kounpe,560 Krumpp
560-1414.pursuit-pursuit,560 pursuit
560-1109.Pioneer-Pioner,560 Pioneer
560-1469.arrows-aroows,560 arrows
560-542.Lovie-Lovie,560 Lovie
560-1832.escape-escape,560 escape
560-1043.lookit-laokit,560 lookit
560-355.coffin-coffin,560 coffin
560-1397.Fees-Fees,560 Fees
560-1555.bye-bye,560 bye
560-1907.Whigs-Whies,560 Whigs
560-195.Proof-Proot,560 Proof
560-312.Bunks-Bunts,560 Bunks
560-998.Write-Write,560 Write
560-108.baron-baron,560 baron
560-1701.null-null,560 null
560-626.shoji-shoyie,560 shoji
560-961.flashed-flashed,560 flashed
560-39.hybrid-hybrid,560 hybrid
560-1092.coyly-couly,560 coyly
560-401.sucking-suckrgg,560 sucking
560-366.Fe-Fe,560 Fe
560-440.messes-messes,560 messes
560-271.Gel-bel,560 Gel
560-388.cubic-cubie,560 cubic
560-1001.farmers-farmers,560 farmers
560-868.marine-marine,560 marine
560-484.coconut-cocantt,560 coconut
560-688.flapper-flapper,560 flapper
560-1452.worm-worn,560 worm
560-161.Alsop-Alsop,560 Alsop
560-243.Oakland-Oakland,560 Oakland
560-1385.nested-nested,560 nested
560-129.Yeni-leni,560 Yeni
560-160.Lighted-Lishted,560 Lighted
560-1674.trotted-trotted,560 trotted
560-949.dungeon-dungeon,560 dungeon
560-1667.Alienus-Alienus,560 Alienus
560-242.harmony-lermony,560 harmony
560-1559.Suite-Suite,560 Suite
560-345.Venable-Cenable,560 Venable
560-1398.sow-sow,560 sow
560-758.aptness-aptness,560 aptness
560-1879.Ivies-Tcies,560 Ivies
560-1693.demon-demon,560 demon
560-1242.sniff-sniff,560 sniff
560-1971.mating-mating,560 mating
560-1153.buffalo-buffalo,560 buffalo
560-1492.overage-overage,560 overage
560-672.Sidney-Sidney,560 Sidney
560-644.Grafton-Grafton,560 Grafton
560-800.truth-truth,560 truth
560-1118.Abe-Abe,560 Abe
560-1599.Spagna-Sragna,560 Spagna
560-136.ovals-ovals,560 ovals
560-137.Post-Post,560 Post
560-1724.pastes-pautes,560 pastes
560-1238.snatch-snatch,560 snatch
560-247.behave-behave,560 behave
560-334.dainty-dainty,560 dainty
560-974.silky-silk,560 silky
560-1603.larval-lorval,560 larval
560-1939.quam-quam,560 quam
560-1722.Komleva-Yonlera,560 Komleva
560-588.reading-reading,560 reading
560-241.mains-mains,560 mains
560-1406.Volumes-Yolmees,560 Volumes
560-1643.Ye-le,560 Ye
560-1448.Reverse-Reverse,560 Reverse
560-1479.Ecuador-Eanador,560 Ecuador
560-1494.payable-payable,560 payable
560-1447.thiamin-thiaier,560 thiamin
560-1577.serpent-serpent,560 serpent
560-1976.berated-berated,560 berated
560-936.poets-poets,560 poets
560-1503.weakens-weakens,560 weakens
560-351.Greases-Greaser,560 Greases
560-1207.judging-judging,560 judging
560-1895.Mater-Mater,560 Mater
560-567.char-char,560 char
560-1258.hive-hive,560 hive
560-1426.Product-Prouuct,560 Product
560-1221.paucity-pancity,560 paucity
560-1823.plan-plan,560 plan
560-30.Calls-Calls,560 Calls
560-1178.gaited-saitec,560 gaited
560-107.parched-parched,560 parched
560-1364.pending-pending,560 pending
560-1256.valleys-valleys,560 valleys
560-1373.loving-loving,560 loving
560-118.necking-neckigg,560 necking
560-1762.merit-merit,560 merit
560-832.Ferment-Fervent,560 Ferment
560-658.purism-purien,560 purism
560-1063.rarely-rarely,560 rarely
560-1867.broadly-broally,560 broadly
560-680.adhered-achere,560 adhered
560-710.lease-lease,560 lease
560-1705.voters-voters,560 voters
560-1154.hewed-hewed,560 hewed
560-544.Trooper-Frooper,560 Trooper
560-1345.blur-blur,560 blur
560-911.shipper-shipper,560 shipper
560-600.snuffed-sunfed,560 snuffed
560-27.Toonker-Toonker,560 Toonker
560-1072.Knee-knee,560 Knee
560-1167.unload-unload,560 unload
560-514.given-given,560 given
560-903.branded-brande,560 branded
560-1880.Forum-Formn,560 Forum
560-772.keel-keel,560 keel
560-1449.roads-roads,560 roads
560-523.papal-papell,560 papal
560-407.Valmet-valmet,560 Valmet
560-1593.sensing-sensing,560 sensing
560-264.Hanch-Hanch,560 Hanch
560-965.sonic-sonic,560 sonic
560-1243.turned-turned,560 turned
560-1719.Annual-Annual,560 Annual
560-518.Tears-Tears,560 Tears
560-1792.smoke-smoke,560 smoke
560-71.canter-canter,560 canter
560-1765.Castles-Castles,560 Castles
560-1672.were-were,560 were
560-571.evasive-exasive,560 evasive
560-492.Blessed-Blesoed,560 Blessed
560-1297.strife-strife,560 strife
560-1590.tractor-trautor,560 tractor
560-68.Mingus-Mingus,560 Mingus
560-889.statue-statue,560 statue
560-1194.Way-Way,560 Way
560-1316.rebuild-reouild,560 rebuild
560-1530.penal-penal,560 penal
560-515.seems-seems,560 seems
560-1031.litle-lithe,560 litle
560-991.economy-ecnony,560 economy
560-88.shrines-shrines,560 shrines
560-436.Feebly-Feebly,560 Feebly
560-834.garbage-parbage,560 garbage
560-175.bear-bear,560 bear
560-927.Burke-Burke,560 Burke
560-1504.Summer-Surmer,560 Summer
560-1582.lurch-lurch,560 lurch
560-1914.Sulphur-Sulghar,560 Sulphur
560-1917.Lien-Lien,560 Lien
560-720.palm-palmn,560 palm
560-1519.likened-litened,560 likened
560-574.Boone-Boone,560 Boone
560-1949.eschews-escher,560 eschews
560-1807.concave-concave,560 concave
560-1427.je-je,560 je
560-664.lunged-lunged,560 lunged
560-1720.clatter-clatter,560 clatter
560-1099.Dealers-Dealers,560 Dealers
560-1597.yelping-yelping,560 yelping
560-1247.wrestle-wrestle,560 wrestle
560-1826.unglued-unglced,560 unglued
560-1557.twisty-thisty,560 twisty
560-1346.manmade-rommade,560 manmade
560-1441.whining-whinrg,560 whining
560-1816.lasts-lasts,560 lasts
560-1846.Silk-Silk,560 Silk
560-583.retired-retired,560 retired
560-1864.tents-tents,560 tents
560-174.Bombay-Bonlay,560 Bombay
560-808.cater-cater,560 cater
560-152.Family-Fanily,560 Family
560-670.Croix-Croit,560 Croix
560-738.suntan-suntan,560 suntan
560-675.Beard-Beard,560 Beard
560-290.Ruysch-Reysch,560 Ruysch
560-874.Crow-Coow,560 Crow
560-6.dog-dog,560 dog
560-1228.missive-rissive,560 missive
560-651.recess-recess,560 recess
560-616.chemise-ceemise,560 chemise
560-1083.Bumbry-Bandry,560 Bumbry
560-1300.methyl-nettyl,560 methyl
560-1205.royalty-royalty,560 royalty
560-1600.implied-inplied,560 implied
560-950.quarter-quarter,560 quarter
560-1779.command-comaard,560 command
560-1767.seed-seed,560 seed
560-570.howling-houling,560 howling
560-929.gainers-gainers,560 gainers
560-1326.labor-labor,560 labor
560-111.SR-Si,560 SR
560-1098.undoing-undorig,560 undoing
560-302.exclude-exclnde,560 exclude
560-820.Caneli-Caneli,560 Caneli
560-1265.retain-retain,560 retain
560-988.highest-highest,560 highest
560-376.beholds-behouas,560 beholds
560-552.rallied-rallied,560 rallied
560-1868.rigid-rigid,560 rigid
560-456.yolk-yolt,560 yolk
560-64.Bantus-Bantus,560 Bantus
560-461.powdery-poudery,560 powdery
560-1614.lurked-lurked,560 lurked
560-17.Sept-Sept,560 Sept
560-575.Elector-Elactor,560 Elector
560-1627.Drum-Drum,560 Drum
560-1800.lodges-lodyes,560 lodges
560-880.Muir-Muir,560 Muir
560-106.Howry-Houry,560 Howry
560-150.larks-larks,560 larks
560-1692.Gisors-Gisore,560 Gisors
560-1512.Heroic-Heroic,560 Heroic
560-198.attire-attive,560 attire
560-517.mores-mores,560 mores
560-1980.lose-lose,560 lose
560-656.Vesole-Vesole,560 Vesole
560-821.nemesis-nemesis,560 nemesis
560-495.oxygens-opygens,560 oxygens
560-746.decreed-decrend,560 decreed
560-455.pane-pane,560 pane
560-732.source-source,560 source
560-77.doom-doom,560 doom
560-399.bridle-briale,560 bridle
560-1010.Ormsby-Ornsty,560 Ormsby
560-1678.defray-deray,560 defray
560-907.Mame-Mame,560 Mame
560-1689.Bel-Bel,560 Bel
560-460.Ches-Ches,560 Ches
560-185.whip-whip,560 whip
560-119.thinned-thinned,560 thinned
560-1637.Shep-Shap,560 Shep
560-953.usage-usage,560 usage
560-1862.Khmer-thmer,560 Khmer
560-1613.Stone-Stone,560 Stone
560-1012.resins-resins,560 resins
560-519.Hustle-thstle,560 Hustle
560-1166.Madama-Madina,560 Madama
560-1706.candid-candid,560 candid
560-1539.Uniform-Uniforn,560 Uniform
560-1632.vow-vow,560 vow
560-1134.toured-toured,560 toured
560-316.evening-evening,560 evening
560-1973.garner-garnes,560 garner
560-228.visible-visblle,560 visible
560-265.chilly-chilly,560 chilly
560-747.von-von,560 von
560-438.Amy-Amy,560 Amy
560-510.walled-walled,560 walled
560-295.unloads-unloads,560 unloads
560-1004.friezes-frieges,560 friezes
560-941.des-des,560 des
560-1732.okay-olay,560 okay
560-284.moisten-noisten,560 moisten
560-1199.Drifts-Drifts,560 Drifts
560-1605.sang-sang,560 sang
560-594.really-really,560 really
560-1106.Images-Inages,560 Images
560-1963.Jacchia-farchia,560 Jacchia
560-1019.Oliver-Oliver,560 Oliver
560-1483.Betsy-Betsy,560 Betsy
560-1785.Popular-Ropular,560 Popular
560-202.Prayer-Prayer,560 Prayer
560-895.Yahwe-lawee,560 Yahwe
560-86.hearers-hearers,560 hearers
560-168.catered-catered,560 catered
560-419.Hoak-Hoat,560 Hoak
560-1697.charity-charity,560 charity
560-1361.Again-Again,560 Again
560-1278.pours-pours,560 pours
560-1974.invalid-invalse,560 invalid
560-824.Mandate-Mandate,560 Mandate
560-1015.Germans-Cermans,560 Germans
560-1217.Octave-Octave,560 Octave
560-1317.ruin-ruin,560 ruin
560-1725.thinkin-thinkea,560 thinkin
560-171.lucid-lucid,560 lucid
560-1197.thwump-thuung,560 thwump
560-845.Miriam-Misian,560 Miriam
560-1102.wisest-wisest,560 wisest
560-1289.Random-Random,560 Random
560-139.shaped-shaped,560 shaped
560-1872.Bare-Bare,560 Bare
560-1996.reborn-reborn,560 reborn
560-394.nuts-nuts,560 nuts
560-1594.engage-engaye,560 engage
560-1596.fast-fast,560 fast
560-900.grows-grous,560 grows
560-913.aware-aware,560 aware
560-694.Hubbell-feboerl,560 Hubbell
560-653.Racine-Racine,560 Racine
560-696.Poet-Poet,560 Poet
560-762.gray-gray,560 gray
560-1497.Whoever-Whover,560 Whoever
560-1718.bad-bad,560 bad
560-679.McLeod-Makeod,560 McLeod
560-353.blasted-blasted,560 blasted
560-1013.derive-derive,560 derive
560-1803.seemed-seemed,560 seemed
560-46.Motive-Motive,560 Motive
560-1513.aber-aber,560 aber
560-902.Lodley-Lodley,560 Lodley
560-293.thick-thick,560 thick
560-744.polity-polity,560 polity
560-550.Silvers-Silvers,560 Silvers
560-176.wielder-wieder,560 wielder
560-1377.below-below,560 below
560-764.purple-purple,560 purple
560-1977.Medici-Medice,560 Medici
560-478.happens-happens,560 happens
560-850.grilled-arilled,560 grilled
560-1870.atoms-atoms,560 atoms
560-1918.sheep-sheep,560 sheep
560-748.plots-plots,560 plots
560-1139.Jessica-Lessiaa,560 Jessica
560-70.rubbing-ruboung,560 rubbing
560-253.herding-herding,560 herding
560-287.swum-swan,560 swum
560-1127.livery-livery,560 livery
560-1957.Sinan-Sinan,560 Sinan
560-770.wise-wise,560 wise
560-1655.nolens-nolens,560 nolens
560-896.Explain-Eyplain,560 Explain
560-1475.freezes-freates,560 freezes
560-1668.culprit-culerit,560 culprit
560-857.Heusen-Heusen,560 Heusen
560-471.bones-bones,560 bones
560-1585.ports-ports,560 ports
560-888.burial-burial,560 burial
560-1522.Faber-Faber,560 Faber
560-1796.bond-bond,560 bond
560-1380.Hastily-tasilly,560 Hastily
560-520.grin-grin,560 grin
560-1069.newly-neuly,560 newly
560-866.fellers-fellers,560 fellers
560-1814.miners-miners,560 miners
560-1077.oxcart-opcart,560 oxcart
560-1216.things-things,560 things
560-1137.jam-jon,560 jam
560-52.kidneys-Kidneys,560 kidneys
560-1046.lacked-lacked,560 lacked
560-1810.Trenton-Trenton,560 Trenton
560-1211.crawled-crawled,560 crawled
560-685.classic-clasiic,560 classic
560-1652.forgery-forgery,560 forgery
560-641.Krogers-Krogers,560 Krogers
560-1111.hereby-herdby,560 hereby
560-812.Bulba-Bulla,560 Bulba
560-1749.main-main,560 main
560-1548.esse-esse,560 esse
560-251.dies-dies,560 dies
560-1471.Vermejo-Kermago,560 Vermejo
560-1923.hawker-hauker,560 hawker
560-1911.Meet-Meet,560 Meet
560-1859.Missa-Missa,560 Missa
560-1213.Sammy-Samny,560 Sammy
560-327.Labour-Labour,560 Labour
560-200.Half-Half,560 Half
560-311.Kahler-Kanler,560 Kahler
560-1863.reform-relorm,560 reform
560-768.otter-otter,560 otter
560-486.idlers-idlers,560 idlers
560-1549.curve-curve,560 curve
560-1696.thrones-thrones,560 thrones
560-654.Tony-Tony,560 Tony
560-955.feare-feare,560 feare
560-469.freeze-freele,560 freeze
560-797.roving-roving,560 roving
560-79.blacks-blacks,560 blacks
560-1835.tweed-tweed,560 tweed
560-973.Nagrin-Nagrin,560 Nagrin
560-1066.Plates-Plates,560 Plates
560-662.AWOC-Afboe,560 AWOC
560-134.fan-fan,560 fan
560-304.Gulf-bulf,560 Gulf
560-489.phone-phone,560 phone
560-1644.revel-revel,560 revel
560-801.Doaty-Doaty,560 Doaty
560-1474.broncs-brones,560 broncs
560-210.combat-conbat,560 combat
560-1095.vector-vector,560 vector
560-739.Logan-Logan,560 Logan
560-55.Places-Places,560 Places
560-573.deer-deer,560 deer
560-1501.fjords-fgords,560 fjords
560-1992.forfeit-forfeit,560 forfeit
560-1375.Then-Then,560 Then
560-1038.Cuba-Cuba,560 Cuba
560-838.NOP-Mlp,560 NOP
560-1005.tantrum-toutren,560 tantrum
560-752.sick-sick,560 sick
560-603.audibly-andilly,560 audibly
560-368.swift-swift,560 swift
560-647.traders-traders,560 traders
560-899.Korean-Vorean,560 Korean
560-121.bushes-bushes,560 bushes
560-370.ex-ey,560 ex
560-300.Cox-Lot,560 Cox
560-1413.before-belore,560 before
560-1151.selle-selle,560 selle
560-1078.panicky-pariely,560 panicky
560-496.thrown-throun,560 thrown
560-1676.damnit-daniit,560 damnit
560-1716.Workmen-lormeen,560 Workmen
560-457.chide-chide,560 chide
560-835.lurk-lurk,560 lurk
560-771.Lehmann-lehwann,560 Lehmann
560-116.plant-plant,560 plant
560-1101.dere-dere,560 dere
560-1336.fully-fauly,560 fully
560-1687.losers-losers,560 losers
560-884.revved-reweed,560 revved
560-1546.hats-hats,560 hats
560-1948.avail-awail,560 avail
560-1970.Gonna-Gonna,560 Gonna
560-1454.husbun-husbon,560 husbun
560-1020.dished-dished,560 dished
560-454.packet-packet,560 packet
560-887.debts-deots,560 debts
560-1163.me-me,560 me
560-1379.billets-billets,560 billets
560-318.quotes-quotes,560 quotes
560-163.prefab-prefabe,560 prefab
560-1789.ticks-ticks,560 ticks
560-329.Soiree-Soiree,560 Soiree
560-1396.sandy-sandy,560 sandy
560-227.police-police,560 police
560-1987.Guitar-Geiitar,560 Guitar
560-1664.eked-exed,560 eked
560-13.Dodgers-Rodgers,560 Dodgers
560-291.smear-smear,560 smear
560-1198.Decries-Decries,560 Decries
560-1825.ring-ring,560 ring
560-1112.winds-winds,560 winds
560-1621.parked-parked,560 parked
560-847.Diana-Diana,560 Diana
560-591.Hayek-Hayet,560 Hayek
560-261.capital-copital,560 capital
560-1824.hollows-hollows,560 hollows
560-1709.unaided-unaided,560 unaided
560-263.lunar-lunar,560 lunar
560-1679.traits-traits,560 traits
560-1055.Pike-Pike,560 Pike
560-1225.Varviso-Lareiso,560 Varviso
560-723.fare-fare,560 fare
560-67.humaine-bunaire,560 humaine
560-1534.flapped-flapped,560 flapped
560-1883.jibes-jibes,560 jibes
560-1634.servo-seroo,560 servo
560-513.Driven-Driven,560 Driven
560-934.Arabia-Arabia,560 Arabia
560-1748.arabic-arabic,560 arabic
560-892.Daly-Daly,560 Daly
560-893.veils-veils,560 veils
560-357.Pamela-Pamela,560 Pamela
560-1764.Nuttall-natrall,560 Nuttall
560-1110.gleamed-gleamed,560 gleamed
560-1686.gagged-sayeed,560 gagged
560-1366.Fears-Fears,560 Fears
560-1318.Bermuda-Bernda,560 Bermuda
560-1892.gnawing-graving,560 gnawing
560-1754.Silence-Silence,560 Silence
560-412.megaton-negaton,560 megaton
560-1185.farms-farms,560 farms
560-1688.loses-loser,560 loses
560-1174.moment-monent,560 moment
560-1853.compel-compel,560 compel
560-259.models-models,560 models
560-1047.chunky-chunly,560 chunky
560-1201.surf-surf,560 surf
560-731.sample-sample,560 sample
560-73.victims-vrcims,560 victims
560-828.Poised-Poised,560 Poised
560-1698.blindly-blindyy,560 blindly
560-133.Lippman-Lippmar,560 Lippman
560-1415.Cup-Cup,560 Cup
560-34.Hotham-Hothan,560 Hotham
560-761.scanty-seanty,560 scanty
560-1715.Svevo-Svero,560 Svevo
560-1959.Sotun-Sotun,560 Sotun
560-1730.mused-mused,560 mused
560-1183.in-in,560 in
560-303.cavalry-cowalry,560 cavalry
560-289.aspect-aspect,560 aspect
560-1622.heavy-heavy,560 heavy
560-1954.factual-factual,560 factual
560-652.Yeats-leats,560 Yeats
560-254.mimesis-wimesis,560 mimesis
560-89.Russell-Russell,560 Russell
560-267.event-event,560 event
560-239.presses-presser,560 presses
560-963.expert-expert,560 expert
560-1206.title-title,560 title
560-1849.boxed-bored,560 boxed
560-1164.Lees-Lees,560 Lees
560-462.bottle-bottle,560 bottle
560-1302.Casey-Casey,560 Casey
560-760.maidens-raidens,560 maidens
560-945.insults-insults,560 insults
560-1425.pegs-peys,560 pegs
560-1482.azalea-apalea,560 azalea
560-930.fingers-fingers,560 fingers
560-385.gnome-grome,560 gnome
560-1276.beep-beep,560 beep
560-669.selves-selves,560 selves
560-1100.pole-pole,560 pole
560-959.Courcy-Courcy,560 Courcy
560-1240.sly-sly,560 sly
560-1746.palazzo-pelaigo,560 palazzo
560-1568.strokes-strokes,560 strokes
560-968.Mailer-Mailer,560 Mailer
560-1799.bravura-branve,560 bravura
560-196.Foggy-Fongy,560 Foggy
560-1619.Scores-Scores,560 Scores
560-630.romping-romping,560 romping
560-1295.Moos-Moos,560 Moos
560-1030.lash-lash,560 lash
560-916.Redding-Redling,560 Redding
560-1517.lentils-lentils,560 lentils
560-1844.restock-restocl,560 restock
560-159.Puerto-Puerto,560 Puerto
560-1583.brink-brink,560 brink
560-122.Bengal-Bengal,560 Bengal
560-966.flux-flut,560 flux
560-1877.topping-topeing,560 topping
560-427.Soviets-Soviets,560 Soviets
560-306.clue-clue,560 clue
560-661.lament-lament,560 lament
560-1130.Carson-Carson,560 Carson
560-886.surplus-surplas,560 surplus
560-330.Fights-Fights,560 Fights
560-1729.while-while,560 while
560-1080.zipped-Dipped,560 zipped
560-1338.cures-cures,560 cures
560-1874.boulder-boulder,560 boulder
560-676.Siamese-Siamese,560 Siamese
560-1741.deduce-deduce,560 deduce
560-43.summing-suaaigg,560 summing
560-59.illicit-Mlicat,560 illicit
560-767.lighter-lighter,560 lighter
560-558.hopeful-hopeful,560 hopeful
560-1589.ambled-ambled,560 ambled
560-1536.Plea-Plea,560 Plea
560-1000.punks-punks,560 punks
560-429.restive-rssive,560 restive
